Province,Temple
PrachinBuri,วัดบางกระเบา
PrachinBuri,วัดแก้วพิจิตร
PrachinBuri,วัดคชรัตน์
PrachinBuri,วัดคลองกลาง
PrachinBuri,วัดโคกป่าแพง
PrachinBuri,วัดท่าพาณิชย์
PrachinBuri,วัดทุ่งแฝก
PrachinBuri,วัดนางเลง
PrachinBuri,วัดปากแพรก
PrachinBuri,วัดพระยาทำ
PrachinBuri,วัดศรีกบินทร์
PrachinBuri,วัดสระดู่
PrachinBuri,วัดโสมสุทธาวาส
PrachinBuri,วัดคลองตามั่น
PrachinBuri,วัดบรรพตรัตนาราม
PrachinBuri,วัดชามีพุทโธวาท
PrachinBuri,วัดตันทาราม
PrachinBuri,วัดนูประสาทวราวาส
PrachinBuri,วัดโนนสะอาด
PrachinBuri,วัดบ้านโคกสว่าง
PrachinBuri,วัดมุ่งประสิทธิ์
PrachinBuri,วัดศรีสุวรรณาราม
PrachinBuri,วัดสระขุด
PrachinBuri,วัดหนองบัว
PrachinBuri,วัดเจริญราษฎร์รังสรรค์
PrachinBuri,วัดท่าอุดมสมบูรณาราม
PrachinBuri,วัดเนาวรัตนาราม
PrachinBuri,วัดบรรพตเขมาราม
PrachinBuri,วัดศรีสวัสดิ์
PrachinBuri,วัดสำโรงวนาราม
PrachinBuri,วัดกรุงราษฎร์บำรุง
PrachinBuri,วัดบ่อทองรังสรรค์
PrachinBuri,วัดหนองไผ่ล้อม
PrachinBuri,วัดเหลืองทองรังษี
PrachinBuri,วัดนาคำ
PrachinBuri,วัดวัฒนารังษี
PrachinBuri,วัดสมศรีราษฎร์
PrachinBuri,วัดหนองโดน
PrachinBuri,วัดหนองนาใน
PrachinBuri,วัดหนองสังข์
PrachinBuri,วัดกลางเมืองเก่า
PrachinBuri,วัดแก้วฟ้ารังษี
PrachinBuri,วัดท่าข่อย
PrachinBuri,วัดนครกบินทร์
PrachinBuri,วัดมหาไชย
PrachinBuri,วัดราษฎร์รังษี
PrachinBuri,วัดเวฬุวนาราม
PrachinBuri,วัดศรีบุญเรือง
PrachinBuri,วัดศีรษะเมือง
PrachinBuri,วัดสว่างอารมณ์
PrachinBuri,วัดหลวงบดินทร์เดชา
PrachinBuri,วัดอัมพวัน
PrachinBuri,วัดเขาวงศ์
PrachinBuri,วัดโคกสว่าง
PrachinBuri,วัดตรอกปลาไหล
PrachinBuri,วัดย่านรี
PrachinBuri,วัดวาปีรัตนาราม
PrachinBuri,วัดสิกขวัฒนาราม
PrachinBuri,วัดเขาลูกช้าง
PrachinBuri,วัดคลองร่วมพัฒนา
PrachinBuri,วัดโคกมะม่วง
PrachinBuri,วัดบุญเกิด
PrachinBuri,วัดปทุมสราราม
PrachinBuri,วัดป่าภาวนาธรรม
PrachinBuri,วัดลาดไพรจิตร
PrachinBuri,วัดหนองคล้า
PrachinBuri,วัดหนองตลาด
PrachinBuri,วัดหนองนมหนู
PrachinBuri,วัดไพบูลย์ศรัทธาทำ
PrachinBuri,วัดรัตนชมภู
PrachinBuri,วัดรัตนโชติการาม
PrachinBuri,วัดสามัคคีสโมสร
PrachinBuri,วัดหนองศรีวิชัย
PrachinBuri,วัดใหม่พรหมสุวรรณ
PrachinBuri,วัดอินทร์ประชาราษฎร์
PrachinBuri,วัดคลองระกำ
PrachinBuri,วัดจันทรังษี
PrachinBuri,วัดเนินสูง
PrachinBuri,วัดบ้านแก่ง
PrachinBuri,วัดโพธิ์ศรีถาวร
PrachinBuri,วัดหนองคล้า
PrachinBuri,วัดหนองหอย
PrachinBuri,วัดใหม่สระบุรี
PrachinBuri,วัดวังกวาง
PrachinBuri,วัดวังดินสอ
PrachinBuri,วัดวังมะกรูด
PrachinBuri,วัดโปร่งพัฒนาราม
PrachinBuri,วัดคลองมะเลา
PrachinBuri,วัดโคกขี้เหล็ก
PrachinBuri,วัดโคกลาน
PrachinBuri,วัดโคกอุดม
PrachinBuri,วัดเนินแสงทอง
PrachinBuri,วัดศรีวนาลัย
PrachinBuri,วัดอุดมสันติ
PrachinBuri,วัดป่าหาดนางแก้ว
PrachinBuri,วัดป่าหาดนางแก้ว
PrachinBuri,วัดวังบัวทอง
PrachinBuri,วัดหาดสูง
PrachinBuri,วัดโนนสูง
PrachinBuri,วัดหนองจรเข้
PrachinBuri,วัดป่าประดู่
PrachinBuri,วัดป่าเกษมสุข
PrachinBuri,วัดป่าเมืองเก่า
PrachinBuri,วัดป่าญาณวิสุทธาวาส
PrachinBuri,วัดบ้านเขาถ้ำ
PrachinBuri,วัดป่าอุดมสุข
PrachinBuri,วัดแก่งดินสอ
PrachinBuri,วัดคลองมะไฟ
PrachinBuri,วัดทับไทรธรรมาราม
PrachinBuri,วัดคลองปลาดุกลาย
PrachinBuri,วัดทุ่งแฝก
PrachinBuri,วัดโพธาราม
PrachinBuri,วัดด่านตะกั่วสามัคคี
PrachinBuri,วัดโนนสูง
PrachinBuri,วัดบุสูง
PrachinBuri,วัดพันธ์ศรี
PrachinBuri,วัดระเบาะเกตุ
PrachinBuri,วัดสระจาน
PrachinBuri,วัดสระแท่น
PrachinBuri,วัดสามัคคีพัฒนาราม
PrachinBuri,วัดทับลาน
PrachinBuri,วัดชะอม
PrachinBuri,วัดทุ่งวิจิตร
PrachinBuri,วัดโคกกระจง
PrachinBuri,วัดโคกสว่าง
PrachinBuri,วัดทุ่งสามัคคี
PrachinBuri,วัดบูรณะราษฎร์ศรัทธาทำ
PrachinBuri,วัดผาสุขไพบูลย์
PrachinBuri,วัดโพธิ์ศรี
PrachinBuri,วัดรัตนเนตตาราม
PrachinBuri,วัดสารวนาราม
PrachinBuri,วัดหนองแหน
PrachinBuri,วัดกระทุ่มแพ้ว
PrachinBuri,วัดสมบูรณ์ทรัพย์
PrachinBuri,วัดคลองเฆ่
PrachinBuri,วัดคลองหอทอง
PrachinBuri,วัดบางเตย
PrachinBuri,วัดยายเม้าเตี้ย
PrachinBuri,วัดบางต้นจิก
PrachinBuri,วัดบางแตน
PrachinBuri,วัดนิคมพัฒนา
PrachinBuri,วัดบางปลาร้า
PrachinBuri,วัดวังขอน
PrachinBuri,วัดพิกุลวนาราม
PrachinBuri,วัดพิทักษ์โสภณ
PrachinBuri,วัดหัวไผ่
PrachinBuri,วัดเทพพิทักษ์บุญญาราม
PrachinBuri,วัดใหม่โพธิ์เย็น
PrachinBuri,วัดอินทาราม
PrachinBuri,วัดทวีชลขันธ์
PrachinBuri,วัดบ้านท่ากะทุ่ม
PrachinBuri,วัดบ้านสร้าง
PrachinBuri,วัดมูลเหล็ก
PrachinBuri,วัดพระธาตุพงษ์คุณ
PrachinBuri,วัดไชยมงคล
PrachinBuri,วัดบ้านด่านศรัทธาอุดม
PrachinBuri,วัดมงคลชัย
PrachinBuri,วัดสัปปโคน
PrachinBuri,วัดหนองกระจับ
PrachinBuri,วัดกำแพง
PrachinBuri,วัดเกตุการาม
PrachinBuri,วัดคำภู
PrachinBuri,วัดคำเลียบ
PrachinBuri,วัดตะเคียนทอง
PrachinBuri,วัดนิโครธาวาส
PrachinBuri,วัดเนินสูง
PrachinBuri,วัดมะกอกแก้ว
PrachinBuri,วัดศรีจันทราราม
PrachinBuri,วัดศรีสุทธาวาส
PrachinBuri,วัดสอนิมิตร
PrachinBuri,วัดสามัคคีธรรม
PrachinBuri,วัดหนองคุ้ม
PrachinBuri,วัดใหม่กวางทอง
PrachinBuri,วัดอรัญญาราม
PrachinBuri,วัดจันทรังษี
PrachinBuri,วัดดงบัง
PrachinBuri,วัดเนินผาสุข
PrachinBuri,วัดบ้านโนน
PrachinBuri,วัดศรีมงคล
PrachinBuri,วัดเกาะแดง
PrachinBuri,วัดเกาะมะไฟ
PrachinBuri,วัดคลองคล้า
PrachinBuri,วัดบ้านหอย
PrachinBuri,วัดหนองชาติ
PrachinBuri,วัดขิงกระชาย
PrachinBuri,วัดโคกสว่าง
PrachinBuri,วัดตะคร้อ
PrachinBuri,วัดนาแขม
PrachinBuri,วัดบ้านด่าน
PrachinBuri,วัดบ้านหว้าน
PrachinBuri,วัดบุฝ้าย
PrachinBuri,วัดแจ้ง
PrachinBuri,วัดดงไชยมัน
PrachinBuri,วัดทัพช้าง
PrachinBuri,วัดบางไผ่
PrachinBuri,วัดศรีประจันตคาม
PrachinBuri,วัดเขาน้อย
PrachinBuri,วัดโคกกรวด
PrachinBuri,วัดโคกบ้าน
PrachinBuri,วัดโคกอู่ทอง
PrachinBuri,วัดโนนสะอาด
PrachinBuri,วัดบ้านคุ้ม
PrachinBuri,วัดบ้านยาง
PrachinBuri,วัดประจันตคามเสมาราม
PrachinBuri,วัดประเถท
PrachinBuri,วัดพรหมรังษี
PrachinBuri,วัดโพธิ์งาม
PrachinBuri,วัดอินทร์ไตรย์
PrachinBuri,วัดโคกเขื่อน
PrachinBuri,วัดไทรงาม
PrachinBuri,วัดพรหมประสิทธิ์
PrachinBuri,วัดหนองแก้ว
PrachinBuri,วัดบ้านไผ่
PrachinBuri,วัดประดิษฐาราม
PrachinBuri,วัดประสาทรังสฤษดิ์
PrachinBuri,วัดหนองหัวคู
PrachinBuri,วัดทุ่งยาว
PrachinBuri,วัดบ้านโง้ง
PrachinBuri,วัดประจันตคามเสมาราม
PrachinBuri,วัดคชสารมุนี
PrachinBuri,วัดท้าวอู่ทอง
PrachinBuri,วัดบึง
PrachinBuri,วัดป่ามะไฟ
PrachinBuri,วัดคุ้มเจริญ
PrachinBuri,วัดโคกมะกอก
PrachinBuri,วัดดงขี้เหล็ก
PrachinBuri,วัดธรรมารังสฤษฎิ์
PrachinBuri,วัดธรรมารามประดิษฐ
PrachinBuri,วัดนิโครธาวาส
PrachinBuri,วัดประสาธน์รังสรรค์
PrachinBuri,วัดภักดีสุนทราวาส
PrachinBuri,วัดรัตนรังษี
PrachinBuri,วัดศรีเงินเจริญสุข
PrachinBuri,วัดศรีเจริญราษฎร์ศรัทธาธรรม
PrachinBuri,วัดศรีมงคล
PrachinBuri,วัดสุนทรศรัทธาธรรม
PrachinBuri,วัดหนองจวง
PrachinBuri,วัดชัยมงคลอุบลแสวงธรรม
PrachinBuri,วัดหนองทะเล
PrachinBuri,วัดแก้วสามัคคี
PrachinBuri,วัดดงพระราม
PrachinBuri,วัดลำดวน
PrachinBuri,วัดหนองกระจับ
PrachinBuri,วัดกระแจะ
PrachinBuri,วัดเลียบ
PrachinBuri,วัดหาดสะแก
PrachinBuri,วัดเขาพระธรรมขันธ์
PrachinBuri,วัดท่าศาลา
PrachinBuri,วัดธารเลา
PrachinBuri,วัดนาปรือ
PrachinBuri,วัดเนินบาก
PrachinBuri,วัดเนินไม้หอม
PrachinBuri,วัดเนินสูงวนาลัย
PrachinBuri,วัดเนินหอม
PrachinBuri,วัดเนื่องเกียรตินิกร
PrachinBuri,วัดบ่อแร่
PrachinBuri,วัดบูรพาราม
PrachinBuri,วัดวังน้ำขุ่น
PrachinBuri,วัดหนองงูเหลือม
PrachinBuri,วัดหนองเต่า
PrachinBuri,วัดหนองแท่นพระ
PrachinBuri,วัดห้วยเกษียร
PrachinBuri,วัดใหม่สูงเนิน
PrachinBuri,วัดดงคุย
PrachinBuri,วัดดงยาง
PrachinBuri,วัดทุ่งตะลุมพุก
PrachinBuri,วัดทุ่งไม้ค้าง
PrachinBuri,วัดเทพประสิทธยาราม
PrachinBuri,วัดบางแขยง
PrachinBuri,วัดประชาวาสอัมพวัน
PrachinBuri,วัดสุวรรณวิทยาราม
PrachinBuri,วัดสามัคคีภิรมย์
PrachinBuri,วัดหัวกรด
PrachinBuri,วัดสง่างาม
PrachinBuri,วัดเขาอีโต้
PrachinBuri,วัดเนินดินแดง
PrachinBuri,วัดบ้านพระ
PrachinBuri,วัดบ้านยาง
PrachinBuri,วัดหนองจอก
PrachinBuri,วัดหนองบัว
PrachinBuri,วัดหนองประเทือง
PrachinBuri,วัดหัวเขา
PrachinBuri,วัดเกาะเค็ดนอก
PrachinBuri,วัดเกาะเค็ดใน
PrachinBuri,วัดจิกสูง
PrachinBuri,วัดท่าเรือ
PrachinBuri,วัดเนินอีแจน
PrachinBuri,วัดหนองชะอม
PrachinBuri,วัดหนองปรือ
PrachinBuri,วัดแหลมไผ่
PrachinBuri,วัดแหลมหิน
PrachinBuri,วัดบางคาง
PrachinBuri,วัดบางตาล่า
PrachinBuri,วัดเรไร
PrachinBuri,วัดต้นสะตือ
PrachinBuri,วัดโบสถ์
PrachinBuri,วัดสันทรีย์
PrachinBuri,วัดแจ้ง
PrachinBuri,วัดเทวบุตร
PrachinBuri,วัดศรีมงคล
PrachinBuri,วัดหลวงปรีชากุล
PrachinBuri,วัดอุดมวิทยาราม
PrachinBuri,วัดห้วยเกษียรใหญ่
PrachinBuri,วัดป่าทรงคุณ
PrachinBuri,วัดโยธาราษฎร์ศรัทธาธรรม
PrachinBuri,วัดป่าเนินกลาง
PrachinBuri,วัดอมาตยาราม
PrachinBuri,วัดปวิเวการาม
PrachinBuri,วัดมะกอกสีมาราม
PrachinBuri,วัดนาบุญเฉลิมราษฎร์
PrachinBuri,วัดทุ่งประพาส
PrachinBuri,วัดราษฎร์เจริญศรัทธาธรรม
PrachinBuri,วัดสุทธิธรรม
PrachinBuri,วัดแสงจันทร์
PrachinBuri,วัดใหม่นาบุญ
PrachinBuri,วัดชัยมงคล
PrachinBuri,วัดดอนใหญ่
PrachinBuri,วัดราษฎร์นิยม
PrachinBuri,วัดใหม่ดงกระทงยาม
PrachinBuri,วัดบุยายใบ
PrachinBuri,วัดโป่งไผ่
PrachinBuri,วัดหลังถ้ำ
PrachinBuri,วัดประทุมบูชา
PrachinBuri,วัดมะขามทอง
PrachinBuri,วัดหนองหอย
PrachinBuri,วัดหว้าเอน
PrachinBuri,วัดใหม่กรงทอง
PrachinBuri,วัดอินทรแบก
PrachinBuri,วัดบ้านกุดตาเสก
PrachinBuri,วัดสัมพันธ์
PrachinBuri,วัดนพคุณทอง
PrachinBuri,วัดประทุมวนาวาส
PrachinBuri,วัดปรือวนาราม
PrachinBuri,วัดปรือวายใหญ่
PrachinBuri,วัดแปลงประดู่
PrachinBuri,วัดโพธิญาณ
PrachinBuri,วัดหนองโพรง
PrachinBuri,วัดใหม่ประชุมชน
PrachinBuri,วัดเกาะแก้วสถาวร
PrachinBuri,วัดเกาะสมอ
PrachinBuri,วัดคลองสมบูรณ์
PrachinBuri,วัดโคกอุดมดี
PrachinBuri,วัดเนินผาสุกผลาราม
PrachinBuri,วัดป่าโพธิ์แก้ว
PrachinBuri,วัดหนองปรือน้อย
PrachinBuri,วัดหนองระเนตร
PrachinBuri,วัดหนองหูช้าง
PrachinBuri,วัดหัวซาธรรมิการาม
PrachinBuri,วัดหัวหว้าสามัคคี
PrachinBuri,วัดธรรมโพธิศรี
PrachinBuri,วัดลิรัญดอน
PrachinBuri,วัดป่าหนองใหญ่
PrachinBuri,วัดเขาดิน
PrachinBuri,วัดป่าทรงธรรม
PrachinBuri,วัดบุพพาราม
PrachinBuri,วัดมาบเหียง
PrachinBuri,วัดป่าญาณสิริสุทธาราม
PrachinBuri,วัดคู้ลำพัน
PrachinBuri,วัดราษฎร์รังสฤษฎิ์
PrachinBuri,วัดโคกพนมดี
PrachinBuri,วัดสระข่อย
PrachinBuri,วัดสระมรกต
PrachinBuri,วัดสามัคคีสุขาราม
PrachinBuri,วัดแสงสว่าง
PrachinBuri,วัดหนองเกตุ
PrachinBuri,วัดโคกปีบ
PrachinBuri,วัดต้นโพธิ์ศรีมหาโพธิ
PrachinBuri,วัดม่วงขาว
PrachinBuri,วัดสระมะเขือ
PrachinBuri,วัดหนองสะแก
PrachinBuri,วัดไผ่งาม
PrachinBuri,วัดสนามพลี
PrachinBuri,วัดพรหมเสนาราม
PrachinBuri,วัดป่าทรงนิมิตร
PrachinBuri,วัดป่าทรงธรรม
prayao,วัดพระธาตุกู่ตั้ง
prayao,วัดสั่นป่างิ้วงาม
prayao,วัดพระธาตุสบแวน
prayao,วัดพระธาตุจอมคีรีเวียงหม้าย
prayao,วัดสันบัวบก
prayao,วัดศรีดอนแก้ว
prayao,วัดห้วยเกี๋ยง
prayao,วัดแม่กาห้วยเคียน
prayao,วัดศรีเมืองมาง
prayao,วัดบุญโยง
prayao,วัดล้า
prayao,วัดบ้านแฮะ
prayao,วัดป่าหนองหวี
prayao,วัดปางวัว
prayao,วัดนาดอ
prayao,วัดสางเหนือ
prayao,วัดศรีบุญยืน
prayao,วัดห้วยขุ่น
prayao,วัดร่องคำ
prayao,วัดอนาลโยทิพยาราม
prayao,วัดสา
prayao,วัดบุญเกิด
prayao,วัดบุญยืน
prayao,วัดพระธาตุต้นฝาง
prayao,วัดแม่สุกธาตุ
prayao,วัดหนองร่มเย็น 
prayao,วัดทุ่งควบ
prayao,วัดคุ้ม
prayao,วัดท่าร้อง
prayao,วัดหัวขัว
prayao,วัดเชียงคาน
prayao,วัดหัวทุ่ง
prayao,วัดทราย
prayao,วัดร่องไฮ
prayao,วัดฝายหิน
prayao,วัดศรีปิงเมือง
prayao,วัดสันหลวง
prayao,วัดพระธาตุดอยคำ
prayao,วัดปิน
prayao,วัดห้วยเคียน
prayao,วัดพระธาตุจำไก่
prayao,วัดร่องเข็ม
prayao,วัดสุวรรณคูหา
prayao,วัดเจดีย์งาม
prayao,วัดบ้านโซ้
prayao,วัดงิ้วหงกเวียงโกมคำนคร
prayao,วัดสันเวียงใหม่
prayao,วัดพระธาตุจอมไคร้
prayao,วัดศรีโคมคำ
prayao,วัดหนองขวง
prayao,วัดสันปูเลย
prayao,วัดดอนเงิน
prayao,วัดห้วยทรายคำ
prayao,วัดสันดอนแก้ว
prayao,วัดฝั่งหมิ่น
prayao,วัดทุ่งกาไชย
prayao,วัดปางผักหม
prayao,วัดใหม่น้ำเงิน
prayao,วัดดู่
prayao,วัดอินทร์ฐาน
prayao,วัดปัวดอย
prayao,วัดแม่ต๋อมใน
prayao,วัดผาฮาว
prayao,วัดพระธาตุภูปอ 
prayao,วัดหัวข่วงแก้ว
prayao,วัดต๊ำนกกก
prayao,วัดทุ่งกว๋าว
prayao,วัดฮวก
prayao,วัดศรีบุญชุม
prayao,วัดร้อง
prayao,วัดอนุมัติวงศ์
prayao,วัดดอนตัน
prayao,วัดกาดถี
prayao,วัดพระธาตุโป่งขาม
prayao,วัดศรีจอมแจ้ง
prayao,วัดปี้
prayao,วัดศรีเมืองมูล
prayao,วัดศรีพรมบัวนาค
prayao,วัดห้วยลึก
prayao,วัดป่าแดด
prayao,วัดพระธาตุมุงเมือง
prayao,วัดทุ่งกล้วย
prayao,วัดสันป่าก้าว
prayao,วัดเหล่าธาตุ
prayao,วัดสลาบ
prayao,วัดรัตนคูหาวนาราม
prayao,วัดกู่ผางลาง
prayao,วัดแวนโค้ง
prayao,วัดปัว
prayao,วัดราชคฤห์
prayao,วัดนาอ้อม
prayao,วัดศรีเมืองชุม
prayao,วัดใหม่บ้านบอน
prayao,วัดหาดแฟน
prayao,วัดสันต้นแหน
prayao,วัดไทยสุภาพ
prayao,วัดห้วยผาเกี๋ยง
prayao,วัดสันป่าพาด
prayao,วัดแม่นาเรือ
prayao,วัดป่าแดง
prayao,วัดหล่ายพัฒนา
prayao,วัดจำปาหลวง
prayao,วัดแม่กาโทกหวาก
prayao,วัดห้วยยางขาม
prayao,วัดช้างหิน
prayao,วัดแก
prayao,วัดท่ากลอง
prayao,วัดต๊ำป่าลาน
prayao,วัดน้ำฮาก
prayao,วัดเปื๋อยเปียง
prayao,วัดป่าคา
prayao,วัดดอกบัว
prayao,วัดจำไก่
prayao,วัดต้นต้องเวียงโกมคำนคร
prayao,วัดบ้านธาตุ
prayao,วัดหนองบัว
prayao,วัดปงสนุก
prayao,วัดแบ่ง
prayao,วัดบ้านเหยี่ยน
prayao,วัดดอนแก้ว
prayao,วัดสักสัน
prayao,วัดศรีกู่เอี้ยง
prayao,วัดแม่ทาย
prayao,วัดศรีดอนชัย
prayao,วัดบ่อเบี้ย
prayao,วัดหนองเลา
prayao,วัดห้วยไคร้
prayao,วัดไชยสถาน
prayao,วัดศรีอุโมงค์คำ
prayao,วัดพระธาตุจำม่วง
prayao,วัดสันต้นม่วง
prayao,วัดแสะ
prayao,วัดสระ
prayao,วัดศรีบังวัน
prayao,วัดกว้าน
prayao,วัดสันกำแพง
prayao,วัดทุ่งกิ่ว
prayao,วัดบ้านตุ่น
prayao,วัดกิ่วชมภู
prayao,วัดโป่งเกลือ
prayao,วัดไร่แสนสุข
prayao,วัดเกษศรี
prayao,วัดศรีไฮคำ
prayao,วัดพระธาตุขุนห้วยสวด
prayao,วัดปางถ้ำ
prayao,วัดต๊ำดอนมูล
prayao,วัดสันต้นหวีด
prayao,วัดใหม่พัฒนา 
prayao,วัดแม่เย็นใต้
prayao,วัดตุ่นกลาง
prayao,วัดทุ่งแต
prayao,วัดสันกลาง
prayao,วัดบ้านปุ 
prayao,วัดกำแพงหิน
prayao,วัดร่องดู่
prayao,วัดปงใหม่
prayao,วัดห้วยแก้วหลวง
prayao,วัดร่องคือ
prayao,วัดวังเค็มใหม่
prayao,วัดจำปา
prayao,วัดพระธาตุจอมทอง
prayao,วัดม่วงคำ
prayao,วัดควร
prayao,วัดเมืองอิงหลวง
prayao,วัดร่องปอ
prayao,วัดบ้านไร่
prayao,วัดห้วยหม้อ
prayao,วัดพระธาตุแจ่โห้ว
prayao,วัดท่าจำปี
prayao,วัดต๊ำน้ำล้อม
prayao,วัดศรีดอนชัย 
prayao,วัดแช่แห้ง
prayao,วัดหย่วน
prayao,วัดต๋อมใต้
prayao,วัดสันกว๊าน
prayao,วัดโพธาราม
prayao,วัดร่องค้อม
prayao,วัดวังบง
prayao,วัดกองแล
prayao,วัดน้ำปุก
prayao,วัดกิ่วแก้ว
prayao,วัดสบสา
prayao,วัดทุ่งหลวง
prayao,วัดศรีดอนตัน
prayao,วัดป่าแฝกเหนือ
prayao,วัดหัวนา
prayao,วัดทุ่งเย็น
prayao,วัดเนินสมบูรณ์วนาราม
prayao,วัดสีพรม
prayao,วัดใหม่ดอนมูล
prayao,วัดต๊ำกลาง
prayao,วัดใหม่ต้นฝาง
prayao,วัดห้วยเคียนเหนือ
prayao,วัดดอนมูล
prayao,วัดพวงพยอม
prayao,วัดไชยพรม
prayao,วัดสร้อยศรี
prayao,วัดบ้านซ่อน
prayao,วัดปันเจิง
prayao,วัดทุ่งต้นศรี
prayao,วัดบุญโยชน์
prayao,วัดก๊อน้อย
prayao,วัดร่องส้าน
prayao,วัดทุ่งติ้ว
prayao,วัดท่าฟ้าเหนือ
prayao,วัดพระธาตุดอยน้อย
prayao,วัดราษฎร์บำรุง
prayao,วัดประชาสามัคคี 
prayao,วัดจนหลวง
prayao,วัดศรีสำราญ
prayao,วัดหนองสระ
prayao,วัดป่ากล้วยงาม
prayao,วัดหล่ายทุ่ง
prayao,วัดดอนไชย
prayao,วัดดงบุญนาค
prayao,วัดดอยกู่ไก่แก้ว 
prayao,วัดสันทราย
prayao,วัดป่าลานคำ
prayao,วัดผาลาด
prayao,วัดปง
prayao,วัดไชยพฤกษ์
prayao,วัดศรีเกิด
prayao,วัดสระใต้
prayao,วัดสักลอ
prayao,วัดสันป่าเหียง
prayao,วัดแม่กาไร่
prayao,วัดปทุมทอง
prayao,วัดป่าม่วง
prayao,วัดพระธาตุขิงแกง
prayao,วัดห้วยงิ้ว
prayao,วัดงุ้นพัฒนา
prayao,วัดเนินสามัคคี
prayao,วัดม่วง
prayao,วัดบุญเรือง
prayao,วัดพระธาตุแสงแก้วมงคล
prayao,วัดภูเงิน
prayao,วัดน้ำแป้งพนาราม
prayao,วัดพระธาตุดอยจุก
prayao,วัดวังถ้ำ
prayao,วัดร้องใหม่
prayao,วัดแสนเมืองมา
prayao,วัดหงส์หิน
prayao,วัดหม้อแกงทอง
prayao,วัดนาเจริญ
prayao,วัดผาช้างมูบ
prayao,วัดทุ่งรวงทอง
prayao,วัดน้ำมิน
prayao,วัดดาวเรือง
prayao,วัดศรีจอมเรือง
prayao,วัดท่าฟ้าใต้
prayao,วัดทุ่มท่า
prayao,วัดบัวหล่าย 
prayao,วัดสงเคราะห์ราษฎร์
prayao,วัดศรีมงคล
prayao,วัดฝายแก้ว
prayao,วัดไชยอาวาส
prayao,วัดอารามป่าน้อย
prayao,วัดทัศนาราม
prayao,วัดศรีสุพรรณ
prayao,วัดสุจิตธรรม 
prayao,วัดบุญชุม
prayao,วัดแม่พริกเทพนิมิตร
prayao,วัดดอนเรือง
prayao,วัดวังเค็มเก่า
prayao,วัดสันหมื่นแก้ว
prayao,วัดห้วยสิงห์
prayao,วัดปางป้อม
prayao,วัดสันป่าม่วง
prayao,วัดควรดง
prayao,วัดเทพวราราม
prayao,วัดต๊ำพระแล
prayao,วัดหลวง
prayao,วัดดงสุวรรณ
prayao,วัดรัตนวนาราม
prayao,วัดพระธาตุภูขวาง
prayao,วัดบ้านหลวง
prayao,วัดแม่ใส
prayao,วัดห้วยทรายขาว
prayao,วัดหนอง
prayao,วัดฝายกวาง
prayao,วัดสว่างอารมณ์
prayao,วัดทุ่งหนอง
prayao,วัดแม่กาหลวง
prayao,วัดห้วยสา
prayao,วัดใคร้ป่าคา
prayao,วัดสันป่าถ่อน
prayao,วัดปัวชัย
prayao,วัดแม่ต๋ำ
prayao,วัดจำบอน
prayao,วัดบ้านโป่ง
prayao,วัดเก้าเงา
prayao,วัดศรีบุญเรือง
prayao,วัดเกษมสันติวนาราม
prayao,วัดป่าคาใหม่
prayao,วัดต๊ำเหล่า
prayao,วัดสุขเกษม
prayao,วัดมงคลคีรี
prayao,วัดสบบง
prayao,วัดศรีดอนมูล
prayao,วัดบ่อแฮ้ว
prayao,วัดกอก
prayao,วัดบ้านงิ้ว
prayao,วัดสันป่าสัก
prayao,วัดห้วยทรายเลื่อน
prayao,วัดห้วยข้าวก่ำ
prayao,วัดสันช้างหิน
prayao,วัดศรีล้อม
prayao,วัดสะพานดำ
prayao,วัดสถิตย์ธัมมาราม
prayao,วัดค่าไพบูลย์
prayao,วัดป่าแฝกใต้
prayao,วัดเมืองชุม
prayao,วัดห้วยบง
prayao,วัดร่องห้า
prayao,วัดพระแก้ว
prayao,วัดแผ่นดินทอง
prayao,วัดภูมินทร์
prayao,วัดบุญนาค
prayao,วัดหนองบัวเงิน
prayao,วัดปัวแหลง
prayao,วัดป่าตุ้ม
prayao,วัดเชียงยืน
prayao,วัดทองแย้ม
prayao,วัดแม่วังช้าง
prayao,วัดไชยมงคล
prayao,วัดขุนต๊ำ
prayao,วัดสถาน
prayao,วัดใหม่หลวง
prayao,วัดแท่นคำ
prayao,วัดเชียงทอง
prayao,วัดแม่ทะลาย
prayao,วัดบ้านปิน
prayao,วัดสันต้นผึ้ง
prayao,วัดม่อนป่าสัก
prayao,วัดทุ่งแขม
prayao,วัดพระธาตุบุญนาค
prayao,วัดน้ำจุน
prayao,วัดศรีชุม
prayao,วัดร่องป่าเปา
prayao,วัดลี
prayao,วัดต๋อมดง
prayao,วัดร่องไผ่
prayao,วัดดอยอิสาน
prayao,วัดปางมดแดง
prayao,วัดหลวงราชสัณฐาน
prayao,วัดบุบผาราม
prayao,วัดปัจฉิมวาส
prayao,วัดทุ่งมอก
prayao,วัดป่าแขม
prayao,วัดต๋อมกลาง
prayao,วัดป่าสัก
prayao,วัดพระธาตุจอมศีล
prayao,วัดแวนวัฒนา
prayao,วัดแดนเมือง
prayao,วัดร่องชมภู
prayao,วัดก๊อซาว
prayao,วัดร้องเชียงแรง
prayao,วัดพระนั่งดิน
prayao,วัดป่าสักคำ
prayao,วัดป่าแฝกกลาง
prayao,วัดสันสลี
prayao,วัดพระธาตุภูซาง
prayao,วัดนันตาราม 
prayao,วัดร่องย้าง
prayao,วัดแม่จั๊วะ
prayao,วัดสีมา
prayao,วัดป่าแดงบุญนาค
prayao,วัดอิงโค้ง 
prayao,วัดบ้านแม่ปืม
prayao,วัดบ้านเลี้ยว
prayao,วัดบ้านทุ่ง
prayao,วัดผาตั้ง
prayao,วัดบ้านบัว
prayao,วัดป่าฝาง
prayao,วัดทุ่งหล่ม
prayao,วัดปัวใหม่
prayao,วัดตุ่นใต้
prayao,วัดแม่สุก
prayao,วัดนาปรัง
prayao,วัดดอนเหล็ก
prayao,วัดหล่าย
prayao,วัดธรรมมิการาม
prayao,วัดสังคหะราษฎร์
prayao,วัดตาลถ้อย
prayao,วัดม่วงชุม
prayao,วัดเชียงบาน
prayao,วัดเชียงหมั้น
prayao,วัดบุญฮอม
prayao,วัดดงอินตา
prayao,วัดศรีปันต้น
prayao,วัดต๊ำม่อน 
prayao,วัดค้างหงษ์
prayao,วัดหนองลาว
prayao,วัดพระธาตุดอยหยวก
pattani,วัดตานีนรสโมสร
pattani,วัดมุจลินทวาปีวิหาร
pattani,วัดภมรคติวัน
pattani,วัดโพธาราม
pattani,วัดปลักปรือ
pattani,วัดควนน้อย
pattani,วัดบุพพนิมิตร
pattani,วัดป่าสวย
pattani,วัดทุ่งข่อย
pattani,วัดช้างให้ราษฎร์บูรณาราม
pattani,วัดหนองครก
pattani,วัดคลองช้าง
pattani,วัดมะเดื่อทอง
pattani,วัดศรีมหาโพธิ์
pattani,วัดทรายขาว
pattani,วัดนิคมควนเปล
pattani,วัดโรงวาส
pattani,วัดพลานุภาพ
pattani,วัดอรัญวาสิการาม
pattani,วัดนาประดู่
pattani,วัดนิคมสถิตย์
pattani,วัดปุราณประดิษฐ์
pattani,วัดสุนทรวารี
pattani,วัดธนาภิมุข
pattani,วัดบ้านไร่
pattani,วัดบันลือคชาวาส
pattani,วัดปุหรน
pattani,วัดมะปรางมัน
pattani,วัดมะกรูด
pattani,วัดโมลีนิมิต
pattani,วัดหน้าเกตุ
pattani,วัดหัวควน
pattani,วัดควนนอก
pattani,วัดควนใน
pattani,วัดญาโณทัย
pattani,วัดมหิงษาราม
pattani,วัดดอนกลาง
pattani,วัดดอนตะวันออก
pattani,วัดดิษฐาวาส
pattani,วัดโพธาราม
pattani,วัดเทพนิมิตร
pattani,วัดศรีสุดาจันทร์
pattani,วัดประจันตคาม
pattani,วัดพรหมประสิทธิ์
pattani,วัดสำเภาเชย
pattani,วัดสาละวัน
pattani,วัดหงสาราม
pattani,วัดประเวศน์ภูผา
pattani,วัดมาลีนิเวศน์
pattani,วัดขจรประชาราม
pattani,วัดหลักเมือง
pattani,วัดบ้านดี
pattani,วัดนิกรชนาราม
pattani,วัดสันติการาม
pattani,วัดนพวงศาราม
pattani,วัดสารวัน
pattani,วัดโชติรส
pattani,วัดมหันตคาม
pattani,วัดไม้แก่น
pattani,วัดโคกหญ้าคา
pattani,วัดอัมพวนาราม
pattani,วัดคามวาสิการาม
pattani,วัดมหิงษ์สุวรรณนิมิต
pattani,วัดป่าศรี
pattani,วัดกุสาวดี
pattani,วัดปิยาราม
pattani,วัดตะเคียนทอง
pattani,วัดบูรพาราม
pattani,วัดมัชฌิมาวาส
pattani,วัดมะปริงวารีราม
pattani,วัดเลียบ
pattani,วัดวิมลวัฒนาราม
pattani,วัดปทุมวารี
pattani,วัดทุ่งคล้า
pattani,วัดถัมภาวาส
pattani,วัดจุฬามณี
pattani,วัดโบกขรณี
pattani,วัดสุทธิกาวาส
pattani,วัดสุวรรณากร
pattani,วัดสถิตย์ชลธาร
pattani,วัดสุนันทาราม
pattani,วัดยานิการาม
Ayutthaya,วัดกกแก้วบูรพา
Ayutthaya,วัดกระแซง
Ayutthaya,วัดกระโจมทอง
Ayutthaya,วัดกระโดงทอง
Ayutthaya,วัดกลาง
Ayutthaya,วัดกลางขุย
Ayutthaya,วัดกลางคลองวัฒนาราม
Ayutthaya,วัดกลางคลองสระบัว
Ayutthaya,วัดกลางทุ่ง
Ayutthaya,วัดกลางปากกราน
Ayutthaya,วัดกลางรามัญ
Ayutthaya,วัดกลางเกาะระกำ
Ayutthaya,วัดกล้วย
Ayutthaya,วัดกษัตราธิราชวรวิหาร
Ayutthaya,วัดกอไผ่
Ayutthaya,วัดกะสังข์
Ayutthaya,วัดกำแพง
Ayutthaya,วัดกำแพงแก้ว
Ayutthaya,วัดกุฎีกรุ
Ayutthaya,วัดกุฎีทอง
Ayutthaya,วัดกุฎีประสิทธิ์
Ayutthaya,วัดกุฎีลาย
Ayutthaya,วัดกุ่มแต้
Ayutthaya,วัดขนอน
Ayutthaya,วัดขนอนเหนือ
Ayutthaya,วัดขนอนใต้
Ayutthaya,วัดขุนจ่าธรรมาราม
Ayutthaya,วัดขุนทราย
Ayutthaya,วัดขุนทิพย์
Ayutthaya,วัดขุนพรหม
Ayutthaya,วัดขุมแก้ว
Ayutthaya,วัดคงษาสุทธาราม
Ayutthaya,วัดครุฑธาราม
Ayutthaya,วัดคลองตัน
Ayutthaya,วัดคลองน้ำชา
Ayutthaya,วัดคลองบุญ
Ayutthaya,วัดคลองพุทรา
Ayutthaya,วัดคานหาม
Ayutthaya,วัดคู้สลอดวุฒิโสภณ
Ayutthaya,วัดค่าย
Ayutthaya,วัดจงกลณี
Ayutthaya,วัดจรเข้ไล่
Ayutthaya,วัดจอมเกษ
Ayutthaya,วัดจักราช
Ayutthaya,วัดจันทร์
Ayutthaya,วัดจันทร์ประเทศ
Ayutthaya,วัดจันทาราม
Ayutthaya,วัดจำปา
Ayutthaya,วัดจุฬามณี
Ayutthaya,วัดฉัตรทองดำริธรรม
Ayutthaya,วัดชายนา
Ayutthaya,วัดชีปะขาว
Ayutthaya,วัดชีโพน
Ayutthaya,วัดชุมพล
Ayutthaya,วัดชุมพลนิกายารามราชวรวิหาร
Ayutthaya,วัดชุมแสง
Ayutthaya,วัดชูจิตธรรมาราม
Ayutthaya,วัดช่างทอง
Ayutthaya,วัดช่างเหล็ก
Ayutthaya,วัดช้าง
Ayutthaya,วัดช้างใหญ่
Ayutthaya,วัดซึก
Ayutthaya,วัดญาณเสน
Ayutthaya,วัดดงหวาย
Ayutthaya,วัดดอกไม้
Ayutthaya,วัดดอนกลาง
Ayutthaya,วัดดอนพัฒนาราม
Ayutthaya,วัดดอนพุทรา
Ayutthaya,วัดดอนลาน
Ayutthaya,วัดดอนหญ้านาง
Ayutthaya,วัดดาวคะนอง
Ayutthaya,วัดดุสิดาราม
Ayutthaya,วัดตรีพาราสีมาเขต
Ayutthaya,วัดตลาด
Ayutthaya,วัดตลาดเกรียบ
Ayutthaya,วัดตองปุ
Ayutthaya,วัดตะกู
Ayutthaya,วัดตะเคียน
Ayutthaya,วัดตะโก
Ayutthaya,วัดตะโหนด
Ayutthaya,วัดตาลานเหนือ
Ayutthaya,วัดตาลานใต้
Ayutthaya,วัดตาลเอน
Ayutthaya,วัดตำหนัก
Ayutthaya,วัดตำหนักพระเจ้าทรงธรรม
Ayutthaya,วัดตึก
Ayutthaya,วัดตึกคชหิรัญศรัทธาราม
Ayutthaya,วัดตูม
Ayutthaya,วัดต้นสะตือ
Ayutthaya,วัดถลุงเหล็ก
Ayutthaya,วัดทรงกุศล
Ayutthaya,วัดทอง
Ayutthaya,วัดทองจันทริการาม
Ayutthaya,วัดทองทรงธรรม
Ayutthaya,วัดทองบ่อ
Ayutthaya,วัดทางกลาง
Ayutthaya,วัดทางยาว
Ayutthaya,วัดทางหลวง
Ayutthaya,วัดทำเลไทย
Ayutthaya,วัดทุ่งชาน
Ayutthaya,วัดทุ่งมล
Ayutthaya,วัดทุ่งศรีโพธิ์
Ayutthaya,วัดท่า
Ayutthaya,วัดท่าการ้อง
Ayutthaya,วัดท่าซุงทักษิณาราม
Ayutthaya,วัดท่าดินแดง
Ayutthaya,วัดท่าตอ
Ayutthaya,วัดท่าสุทธาวาส
Ayutthaya,วัดท่าโขลง วัดตูม
Ayutthaya,วัดท้าวอู่ทอง
Ayutthaya,วัดธรรมจริยา
Ayutthaya,วัดธรรมจักร์
Ayutthaya,วัดธรรมนาวา
Ayutthaya,วัดธรรมนิยม
Ayutthaya,วัดธรรมรส
Ayutthaya,วัดธรรมสินธุ์โสภา
Ayutthaya,วัดธรรมาราม
Ayutthaya,วัดธรรมิกราช
Ayutthaya,วัดธรรมโชติการาม
Ayutthaya,วัดนกกระจาบ
Ayutthaya,วัดนครหลวง
Ayutthaya,วัดนครโปรดสัตว์
Ayutthaya,วัดนนทรีย์
Ayutthaya,วัดนาค
Ayutthaya,วัดนาคสโมสร
Ayutthaya,วัดนาคู 
Ayutthaya,วัดนางกุย
Ayutthaya,วัดนางคุ่ม
Ayutthaya,วัดนางชี
Ayutthaya,วัดนาอุ่น
Ayutthaya,วัดนิเวศธรรมประวัติราชวรวิหาร
Ayutthaya,วัดน้อมประชาสรรค์
Ayutthaya,วัดน้อย
Ayutthaya,วัดน้ำเต้า
Ayutthaya,วัดบรมวงศ์อิศรวรารามวรวิหาร
Ayutthaya,วัดบันลือธรรม
Ayutthaya,วัดบันได
Ayutthaya,วัดบันไดช้าง
Ayutthaya,วัดบัวงาม
Ayutthaya,วัดบางกะจะ
Ayutthaya,วัดบางกะทิง
Ayutthaya,วัดบางคล้า
Ayutthaya,วัดบางซ้ายนอก
Ayutthaya,วัดบางซ้ายใน
Ayutthaya,วัดบางนมโค
Ayutthaya,วัดบางบาล
Ayutthaya,วัดบางปลาหมอ
Ayutthaya,วัดบางม่วง
Ayutthaya,วัดบางยี่โท
Ayutthaya,วัดบางระกำ
Ayutthaya,วัดบางสงบ
Ayutthaya,วัดบางเคียนวิเชียรฉาย
Ayutthaya,วัดบางเดื่อ
Ayutthaya,วัดบางเพลิง
Ayutthaya,วัดบางแขยง
Ayutthaya,วัดบางไทร
Ayutthaya,วัดบำรุงธรรม
Ayutthaya,วัดบึง
Ayutthaya,วัดบึงลัฎฐิวัน
Ayutthaya,วัดบุญกันนาวาส
Ayutthaya,วัดบ้านกลิ้ง
Ayutthaya,วัดบ้านขวาง
Ayutthaya,วัดบ้านชุ้ง
Ayutthaya,วัดบ้านช้าง
Ayutthaya,วัดบ้านดาบ
Ayutthaya,วัดบ้านพลับ
Ayutthaya,วัดบ้านพาด
Ayutthaya,วัดบ้านพาสน์
Ayutthaya,วัดบ้านม้า
Ayutthaya,วัดบ้านราม
Ayutthaya,วัดบ้านร่อม
Ayutthaya,วัดบ้านสร้าง
Ayutthaya,วัดบ้านหว้า
Ayutthaya,วัดบ้านหีบ
Ayutthaya,วัดบ้านอ้อ
Ayutthaya,วัดบ้านเลนสระกระจับ
Ayutthaya,วัดบ้านแค
Ayutthaya,วัดบ้านแจ้ง
Ayutthaya,วัดบ้านแดง
Ayutthaya,วัดบ้านแถว
Ayutthaya,วัดบ้านแป้ง
Ayutthaya,วัดบ้านแพน
Ayutthaya,วัดปทุมวัน
Ayutthaya,วัดประดู่ตะบอง
Ayutthaya,วัดประดู่ทรงธรรม
Ayutthaya,วัดประดู่โลกเชฎฐ์
Ayutthaya,วัดประมุง
Ayutthaya,วัดประสาท
Ayutthaya,วัดปราสาททอง
Ayutthaya,วัดปรีดาราม
Ayutthaya,วัดปากกราน
Ayutthaya,วัดปากคลอง
Ayutthaya,วัดปากน้ำ
Ayutthaya,วัดปิ่นแก้ว
Ayutthaya,วัดป่าคา
Ayutthaya,วัดป่าศรีถาวรอยุธยา
Ayutthaya,วัดป่าอารยวังสาราม
Ayutthaya,วัดป่าโค
Ayutthaya,วัดป้อมรามัญ
Ayutthaya,วัดป้อมแก้วประโชติวิทยาภรณ์
Ayutthaya,วัดป้อมใหญ่
Ayutthaya,วัดผดุงธรรม
Ayutthaya,วัดผึ่งแดด
Ayutthaya,วัดพนมยงค์
Ayutthaya,วัดพนัญเชิงวรวิหาร
Ayutthaya,วัดพยอม
Ayutthaya,วัดพยาญาติ
Ayutthaya,วัดพรหมนิมิต
Ayutthaya,วัดพรหมนิวาสวรวิหาร
Ayutthaya,วัดพระขาว
Ayutthaya,วัดพระงาม
Ayutthaya,วัดพระญาติการาม
Ayutthaya,วัดพระธาตุศรีรัตนาราม
Ayutthaya,วัดพระนอน
Ayutthaya,วัดพระศรีสรรเพชญ์
Ayutthaya,วัดพระเมรุราชิการามวรวิหาร
Ayutthaya,วัดพระแก้ว
Ayutthaya,วัดพรานนก
Ayutthaya,วัดพร้าวโสภณาราม
Ayutthaya,วัดพิกุลโสคันธ์
Ayutthaya,วัดพิชัยสงคราม
Ayutthaya,วัดพุฒาวาส
Ayutthaya,วัดพุทไธศวรรย์
Ayutthaya,วัดภาชี
Ayutthaya,วัดภูเขาทอง
Ayutthaya,วัดมณฑป
Ayutthaya,วัดมณฑลประสิทธิ์
Ayutthaya,วัดมฤคทายวัน
Ayutthaya,วัดมหาจุฬาลงกรณราชูทิศ บ่อตาโล่
Ayutthaya,วัดมหาพล
Ayutthaya,วัดมหาโลก
Ayutthaya,วัดมะขามโพลง
Ayutthaya,วัดมาบพระจันทร์
Ayutthaya,วัดมาบโพธิ์
Ayutthaya,วัดมารวิชัย
Ayutthaya,วัดมเหยงคณ์
Ayutthaya,วัดมเหยงค์
Ayutthaya,วัดม่วง
Ayutthaya,วัดม่วงหวาน
Ayutthaya,วัดยม
Ayutthaya,วัดยมนาตามธรรม
Ayutthaya,วัดยวด
Ayutthaya,วัดยางนม
Ayutthaya,วัดย่านอ่างทอง
Ayutthaya,วัดระโสม
Ayutthaya,วัดรัตนชัย
Ayutthaya,วัดรางจระเข้
Ayutthaya,วัดราชบรรทม
Ayutthaya,วัดราชบัวขาว
Ayutthaya,วัดราชประดิษฐาน
Ayutthaya,วัดรามพงศาวาส
Ayutthaya,วัดราษฎรบรรจง
Ayutthaya,วัดราษฎร์นิยม
Ayutthaya,วัดราษฎร์บำรุง
Ayutthaya,วัดราษฎร์บำเพ็ญ
Ayutthaya,วัดราษฎร์ปุณณาราม
Ayutthaya,วัดราษฎร์ศรัทธาธรรม
Ayutthaya,วัดร่มโพธิ์
Ayutthaya,วัดร้อยไร่
Ayutthaya,วัดฤๅไชย
Ayutthaya,วัดลอดช่อง
Ayutthaya,วัดละมุด
Ayutthaya,วัดลาดชะโด
Ayutthaya,วัดลาดชิด
Ayutthaya,วัดลาดทราย
Ayutthaya,วัดลาดบัวหลวง
Ayutthaya,วัดลาดประทุมคงคาราม
Ayutthaya,วัดลาดระโหง
Ayutthaya,วัดลาย
Ayutthaya,วัดลำตะเคียน
Ayutthaya,วัดลำบัว
Ayutthaya,วัดลำพระยาราษฎร์เจริญธรรม
Ayutthaya,วัดลุ่ม
Ayutthaya,วัดวงษ์ฆ้อง
Ayutthaya,วัดวงษ์สวรรค์
Ayutthaya,วัดวชิรธรรมาราม
Ayutthaya,วัดวรนายกรังสรรค์เจติยบรรพตาราม
Ayutthaya,วัดวรเชษฐ์
Ayutthaya,วัดวรโพธิ์
Ayutthaya,วัดวัง
Ayutthaya,วัดวังชะโด
Ayutthaya,วัดวังแดงเหนือ
Ayutthaya,วัดวังแดงใต้
Ayutthaya,วัดวิมลสุนทร
Ayutthaya,วัดวิเวกวายุพัด
Ayutthaya,วัดศรีประชา
Ayutthaya,วัดศรีภวังค์
Ayutthaya,วัดศรีโพธิ์
Ayutthaya,วัดศักดิ์
Ayutthaya,วัดศาลาปูนวรวิหาร
Ayutthaya,วัดศาลาลอย
Ayutthaya,วัดศาลาแดง
Ayutthaya,วัดศิริสุขาราม
Ayutthaya,วัดศิวาราม
Ayutthaya,วัดสง่างาม
Ayutthaya,วัดสฎางค์
Ayutthaya,วัดสนามทอง
Ayutthaya,วัดสนามไชย
Ayutthaya,วัดสบสวรรค์
Ayutthaya,วัดสมณโกฏฐาราม
Ayutthaya,วัดสระเกษ
Ayutthaya,วัดสว่างอารมณ์
Ayutthaya,วัดสหกรณ์ธรรมนิมิต
Ayutthaya,วัดสะตือ
Ayutthaya,วัดสะแก
Ayutthaya,วัดสันติการาม
Ayutthaya,วัดสันติธรรมาราม
Ayutthaya,วัดสันติวนาราม
Ayutthaya,วัดสามกอ
Ayutthaya,วัดสามตุ่ม
Ayutthaya,วัดสามบัณฑิต
Ayutthaya,วัดสามวิหาร
Ayutthaya,วัดสามเพลง
Ayutthaya,วัดสามเรือน
Ayutthaya,วัดสามไถ
Ayutthaya,วัดสำพะเนียง
Ayutthaya,วัดสำมะกัน
Ayutthaya,วัดสำเภาล่ม
Ayutthaya,วัดสิงห์สุทธาวาส
Ayutthaya,วัดสีกุก
Ayutthaya,วัดสีจำปา
Ayutthaya,วัดสุคนธาราม
Ayutthaya,วัดสุคันธาราม
Ayutthaya,วัดสุทธาวาส
Ayutthaya,วัดสุทธิรุจิราราม
Ayutthaya,วัดสุธาโภชน์
Ayutthaya,วัดสุนทราราม
Ayutthaya,วัดสุวรรณดารารามราชวรวิหาร
Ayutthaya,วัดสุวรรณธรรมาราม
Ayutthaya,วัดสุวรรณเจดีย์
Ayutthaya,วัดสุเมธ
Ayutthaya,วัดหงษ์
Ayutthaya,วัดหนองกลาง
Ayutthaya,วัดหนองนาง
Ayutthaya,วัดหนองนางเก่า
Ayutthaya,วัดหนองน้ำส้ม
Ayutthaya,วัดหนองบัว
Ayutthaya,วัดหนองลำเจียก
Ayutthaya,วัดหนองเครือบุญ
Ayutthaya,วัดหนองเป้า
Ayutthaya,วัดหนองแห้ว
Ayutthaya,วัดหนองโคก
Ayutthaya,วัดหนองโสน
Ayutthaya,วัดหนองไม้ซุง
Ayutthaya,วัดหน้าต่างนอก
Ayutthaya,วัดหน้าต่างใน
Ayutthaya,วัดหน้าโคก
Ayutthaya,วัดหลวงพ่อเขียว
Ayutthaya,วัดหลักชัย
Ayutthaya,วัดหันตรา
Ayutthaya,วัดหันสัง
Ayutthaya,วัดหัวคุ้ง
Ayutthaya,วัดหัวหิน
Ayutthaya,วัดหัวเวียง
Ayutthaya,วัดห้วยจรเข้
Ayutthaya,วัดอนุกุญชราราม
Ayutthaya,วัดอมฤตสิทธาราม
Ayutthaya,วัดอัมพวา
Ayutthaya,วัดอินกัลยา
Ayutthaya,วัดอินทอารี
Ayutthaya,วัดอินทาราม
Ayutthaya,วัดอุทการาม
Ayutthaya,วัดอุทัย
Ayutthaya,วัดอุโลม
Ayutthaya,วัดอู่สำเภา
Ayutthaya,วัดอโยธยา
Ayutthaya,วัดอ่างทอง
Ayutthaya,วัดเกตุ
Ayutthaya,วัดเกาะราษฎร์ศรัทธาธรรม
Ayutthaya,วัดเกาะเลิ่ง
Ayutthaya,วัดเกาะแก้ว
Ayutthaya,วัดเกาะแก้วเกษฎาราม
Ayutthaya,วัดเก้าห้อง
Ayutthaya,วัดเขาดิน
Ayutthaya,วัดเขียนลาย
Ayutthaya,วัดเจดีย์แดง
Ayutthaya,วัดเจริญธรรม
Ayutthaya,วัดเจ้าปลุก
Ayutthaya,วัดเจ้าเจ็ดนอก
Ayutthaya,วัดเจ้าเจ็ดใน
Ayutthaya,วัดเจ้าแปดทรงไตรย์
Ayutthaya,วัดเชิงท่า
Ayutthaya,วัดเชิงเลน
Ayutthaya,วัดเชียงรากน้อย
Ayutthaya,วัดเทพกุญชร
Ayutthaya,วัดเทพคันธาราม
Ayutthaya,วัดเทพจันทร์ลอย
Ayutthaya,วัดเทพธาราราม
Ayutthaya,วัดเทพมงคล
Ayutthaya,วัดเทพสนทวารี
Ayutthaya,วัดเทพสุวรรณ
Ayutthaya,วัดเทพอุปการาม
Ayutthaya,วัดเปรมประชากร
Ayutthaya,วัดเรือแข่ง
Ayutthaya,วัดเวฬุวัน
Ayutthaya,วัดเวียง
Ayutthaya,วัดเศวตศิลาราม
Ayutthaya,วัดเสด็จ
Ayutthaya,วัดเสนา
Ayutthaya,วัดเสนาสนารามราชวรวิหาร
Ayutthaya,วัดเสาธง
Ayutthaya,วัดเสาธงเก่า
Ayutthaya,วัดเสาธงใหม่
Ayutthaya,วัดแก้ว
Ayutthaya,วัดแก้วตา
Ayutthaya,วัดแก้วฟ้า
Ayutthaya,วัดแก้วสุวรรณ
Ayutthaya,วัดแค
Ayutthaya,วัดแคท่าเรือ
Ayutthaya,วัดแจ้ง
Ayutthaya,วัดแดง
Ayutthaya,วัดแม่นางปลื้ม
Ayutthaya,วัดโกโรโกโส
Ayutthaya,วัดโขดเขมาราม
Ayutthaya,วัดโคก
Ayutthaya,วัดโคกกรวด
Ayutthaya,วัดโคกกลาง
Ayutthaya,วัดโคกจินดาราม
Ayutthaya,วัดโคกจุฬา
Ayutthaya,วัดโคกช้าง
Ayutthaya,วัดโคกทอง
Ayutthaya,วัดโคกมะยม
Ayutthaya,วัดโคกม่วง
Ayutthaya,วัดโคกสังข์
Ayutthaya,วัดโคกหิรัญ
Ayutthaya,วัดโคกเสือ
Ayutthaya,วัดโคกโพธิ์
Ayutthaya,วัดโตนด
Ayutthaya,วัดโตนดเตี้ย
Ayutthaya,วัดโบสถ์
Ayutthaya,วัดโบสถ์พัทธสีมา
Ayutthaya,วัดโบสถ์สมพรชัย
Ayutthaya,วัดโบสถ์อินทราราม
Ayutthaya,วัดโปรดสัตว์
Ayutthaya,วัดโพธิผักไห่
Ayutthaya,วัดโพธิ์
Ayutthaya,วัดโพธิ์ทอง
Ayutthaya,วัดโพธิ์ทองหนองจิก
Ayutthaya,วัดโพธิ์ประสิทธิ์
Ayutthaya,วัดโพธิ์ลอย
Ayutthaya,วัดโพธิ์ลำแพน
Ayutthaya,วัดโพธิ์สาวหาญ
Ayutthaya,วัดโพธิ์หอม
Ayutthaya,วัดโพธิ์เผือก
Ayutthaya,วัดโพธิ์เอน
Ayutthaya,วัดโพธิ์แตงเหนือ
Ayutthaya,วัดโพธิ์แตงใต้
Ayutthaya,วัดโพธิ์ไทร
Ayutthaya,วัดโรงนา
Ayutthaya,วัดโสภณเจติการาม
Ayutthaya,วัดใบบัว
Ayutthaya,วัดใหญ่ชัยมงคล
Ayutthaya,วัดใหญ่เทพนิมิตร
Ayutthaya,วัดใหม่
Ayutthaya,วัดใหม่ชุมพล
Ayutthaya,วัดใหม่ต้านทาน
Ayutthaya,วัดใหม่ปากบาง
Ayutthaya,วัดใหม่สองห้อง
Ayutthaya,วัดใหม่หนองคต
Ayutthaya,วัดไก่
Ayutthaya,วัดไก่จ้น
Ayutthaya,วัดไก่เตี้ย
Ayutthaya,วัดไชย
Ayutthaya,วัดไชยภูมิ
Ayutthaya,วัดไทรงาม
Ayutthaya,วัดไทรน้อย
Ayutthaya,วัดไทรโสภณ
Ayutthaya,วัดไผ่ล้อม
Ayutthaya,วัดไผ่โสมนรินทร์
Ayutthaya,วัดไพฑูริย์ถนิมาราม
Ayutthaya,วัดไม้ตราสมาชิการาม
Ayutthaya,วัดไม้รวก
